{"stat.chestOpened":44,"stat.useItem.minecraft.bow":11,"stat.pickup.minecraft.bone":10,"stat.leaveGame":2,"stat.pickup.minecraft.arrow":101,"stat.mineBlock.minecraft.cobblestone":16,"stat.mineBlock.minecraft.yellow_flower":1,"stat.drop.vampirism.vampire_book":1,"stat.killEntity.vampirism.vampire":1,"stat.drop.grimpack.instruction_manual":1,"stat.pickup.simplecorn.kernels":6,"stat.swimOneCm":19567,"stat.jump":1462,"stat.killEntity.zombietinkywinky":1,"stat.useItem.minecraft.experience_bottle":58,"stat.pickup.minecraft.coal":7,"stat.fallOneCm":224572,"stat.pickup.minecraft.iron_ingot":8,"stat.climbOneCm":64,"stat.pickup.teletubbies.laalaaball":4,"stat.pickup.chisel.basalt2":6,"stat.killEntity.duggledee":1,"stat.pickup.minecraft.glowstone_dust":1,"stat.crouchOneCm":1353,"stat.pickup.minecraft.blaze_powder":44,"stat.pickup.harvestcraft.peanutitem":1,"stat.pickup.vampirism.blood_bottle":9,"stat.pickup.minecraft.dirt":3,"stat.pickup.minecraft.experience_bottle":20,"stat.pickup.vampirism.vampire_fang":1,"stat.pickup.minecraft.bow":3,"stat.pickup.teletubbies.tinkywinkybib":1,"stat.craftingTableInteraction":1,"stat.pickup.teletubbies.tinkywinkystick":1,"stat.pickup.minecraft.gold_ore":1,"stat.pickup.minecraft.cookie":14,"stat.damageTaken":8455,"stat.pickup.minecraft.feather":3,"stat.pickup.iceandfire.witherbone":4,"stat.pickup.minecraft.leather":48,"stat.pickup.minecraft.name_tag":3,"stat.mineBlock.grimpack.randomite":9,"stat.killEntity.ed_guard":1,"stat.pickup.minecraft.cobblestone":24,"stat.killEntity.if_cockatrice":1,"stat.pickup.minecraft.planks":1,"stat.pickup.minecraft.diamond_leggings":3,"stat.mineBlock.totemic.totem_torch":1,"stat.useItem.iceandfire.dragonbone_sword_fire":350,"stat.flyOneCm":1015555,"stat.pickup.minecraft.glass_bottle":6,"stat.pickup.minecraft.wheat_seeds":8,"stat.pickup.minecraft.potato":1,"stat.pickup.harvestcraft.saltitem":1,"stat.drop.teletubbies.laalaaball":1,"stat.damageDealt":25880,"stat.pickup.minecraft.redstone":2,"stat.timeSinceDeath":22338,"stat.pickup.harvestcraft.lettuceitem":1,"stat.pickup.vampirism.vampire_book":1,"stat.mineBlock.minecraft.dirt":3,"stat.mineBlock.cqrepoured.unlit_torch":1,"stat.mineBlock.terraqueous.doodads":10,"stat.walkOneCm":227871,"stat.pickup.cqrepoured.dagger_iron":1,"stat.pickup.minecraft.cake":2,"stat.pickup.cqrepoured.cursed_bone":1,"stat.useItem.grimpack.iron_multi_tool":62,"stat.pickup.minecraft.stonebrick":10,"stat.mineBlock.minecraft.double_plant":3,"stat.killEntity.vampirism.vampire_hunter":48,"stat.pickup.iceandfire.armor_gray_chestplate":3,"stat.pickup.terraqueous.item_main":10,"stat.killEntity.quark:foxhound":17,"stat.pickup.minecraft.string":6,"stat.pickup.minecraft.log":1,"stat.mineBlock.vampirism.cursed_earth":4,"stat.pickup.minecraft.filled_map":4,"stat.useItem.scalinghealth.heartcontainer":6,"stat.pickup.wolfarmor.diamond_wolf_armor":1,"stat.craftItem.minecraft.ender_pearl":1,"stat.mineBlock.harvestcraft.windygarden":1,"stat.useItem.vampirism.vampire_book":1,"stat.pickup.minecraft.chicken":3,"stat.pickup.scalinghealth.heartcontainer":10,"stat.entityKilledBy.cqr_skeleton":2,"stat.killEntity.Treasure":2,"stat.sprintOneCm":167752,"stat.pickup.vampirism.cursed_earth":1,"stat.pickup.iceandfire.armor_gray_boots":3,"stat.pickup.vampirism.holy_salt":30,"stat.pickup.cqrepoured.unlit_torch":1,"stat.mineBlock.minecraft.stonebrick":10,"stat.pickup.minecraft.diamond_helmet":3,"stat.pickup.minecraft.bread":30,"stat.pickup.grimpack.coal_dust":1,"stat.pickup.backpack.backpack":5,"stat.pickup.iceandfire.dragonbone_sword_fire":3,"stat.mobKills":105,"stat.useItem.minecraft.stonebrick":2,"stat.mineBlock.minecraft.log":1,"stat.pickup.minecraft.quartz":1,"stat.pickup.evilcraft.dull_dust":1,"stat.pickup.mowziesmobs.barakoa_mask_bliss":1,"stat.deaths":5,"stat.mineBlock.minecraft.planks":1,"stat.drop":6,"stat.pickup.minecraft.diamond":4,"stat.pickup.vampirism.human_heart":30,"stat.pickup.minecraft.egg":3,"stat.mineBlock.minecraft.leaves":1,"stat.pickup.iceandfire.cockatrice_scepter":3,"stat.playOneMinute":85479,"stat.killEntity.cqr_skeleton":7,"stat.sneakTime":1419,"stat.pickup.minecraft.slime_ball":10,"stat.drop.minecraft.glass_bottle":2,"stat.pickup.elementaldimensions.earthrune":1,"stat.pickup.minecraft.yellow_flower":2,"stat.mineBlock.minecraft.stone":4,"stat.mineBlock.minecraft.tallgrass":36,"stat.diveOneCm":22153,"stat.pickup.minecraft.wheat":10,"stat.drop.scalinghealth.heartcontainer":1}