{"stat.chestOpened":95,"stat.mineBlock.minecraft.mossy_cobblestone":2,"stat.pickup.minecraft.bone":95,"stat.pickup.iceandfire.fire_dragon_flesh":6,"stat.craftItem.vampirism.altar_pillar":20,"stat.pickup.minecraft.gravel":11,"stat.leaveGame":1,"stat.pickup.minecraft.arrow":117,"stat.pickup.minecraft.waterlily":231,"stat.mineBlock.minecraft.cobblestone":4,"stat.mineBlock.mowziesmobs.painted_acacia":1,"stat.drop.vampirism.vampire_book":1,"stat.pickup.evilcraft.condensed_blood":30,"stat.pickup.animania.raw_prime_mutton":16,"stat.craftItem.iceandfire.wither_shard":3,"stat.pickup.animania.wool":4,"stat.pickup.simplecorn.kernels":4,"stat.pickup.iceandfire.cockatrice_eye":2,"stat.drop.harvestcraft.pampassionfruit":5,"stat.mineBlock.minecraft.gold_block":1,"stat.swimOneCm":30659,"stat.jump":938,"stat.pickup.minecraft.coal":97,"stat.pickup.minecraft.iron_helmet":2,"stat.drop.iceandfire.cockatrice_scepter":1,"stat.fallOneCm":162422,"stat.pickup.minecraft.iron_ingot":12,"stat.climbOneCm":625,"stat.pickup.teletubbies.laalaaball":1,"stat.craftItem.minecraft.gold_block":9,"stat.pickup.minecraft.melon_seeds":219,"stat.pickup.minecraft.gunpowder":43,"stat.crouchOneCm":2911,"stat.pickup.minecraft.spider_eye":2,"stat.pickup.vampirism.blood_bottle":1,"stat.craftItem.minecraft.iron_ingot":25,"stat.pickup.minecraft.dirt":42,"stat.pickup.minecraft.experience_bottle":146,"stat.pickup.vampirism.vampire_fang":2,"stat.useItem.minecraft.stone_slab2":36,"stat.useItem.minecraft.water_bucket":1,"stat.craftingTableInteraction":22,"stat.pickup.minecraft.rotten_flesh":378,"stat.pickup.minecraft.diamond_horse_armor":1,"stat.pickup.iceandfire.fire_dragon_heart":2,"stat.pickup.minecraft.sand":1,"stat.pickup.iceandfire.shiny_scales":10,"stat.pickup.minecraft.cookie":3,"stat.pickup.mowziesmobs.painted_acacia":34,"stat.mineBlock.minecraft.log2":2,"stat.pickup.iceandfire.witherbone":8,"stat.pickup.minecraft.feather":26,"stat.damageTaken":6890,"stat.pickup.minecraft.name_tag":2,"stat.craftItem.vampirism.altar_tip":4,"stat.pickup.harvestcraft.wintersquashitem":1,"stat.pickup.minecraft.prismarine_shard":6,"stat.killEntity.ed_guard":2,"stat.pickup.minecraft.cobblestone":844,"stat.drop.iceandfire.bestiary":1,"stat.pickup.minecraft.log2":2,"stat.pickup.minecraft.gold_block":2,"stat.pickup.harvestcraft.jicamaitem":1,"stat.pickup.minecraft.planks":149,"stat.useItem.iceandfire.dragonbone_pickaxe":50,"stat.craftItem.iceandfire.cockatrice_scepter":1,"stat.pickup.minecraft.reeds":99,"stat.useItem.iceandfire.dragonbone_sword_fire":215,"stat.flyOneCm":1017145,"stat.pickup.minecraft.glass_bottle":14,"stat.pickup.minecraft.wheat_seeds":19,"stat.mineBlock.minecraft.sand":1,"stat.pickup.quark.rune":4,"stat.drop.vampirism.altar_infusion":1,"stat.pickup.minecraft.rabbit_hide":8,"stat.drop.minecraft.wheat_seeds":1,"stat.mineBlock.coralreef.coral":1,"stat.mineBlock.minecraft.gravel":7,"stat.pickup.iceandfire.armor_green_chestplate":2,"stat.damageDealt":14727,"stat.drop.vampirism.altar_pillar":24,"stat.pickup.minecraft.redstone":1,"stat.entityKilledBy.vampirism.vampire_baron":1,"stat.timeSinceDeath":213,"stat.pickup.iceandfire.armor_green_helmet":2,"stat.pickup.harvestcraft.lettuceitem":1,"stat.mineBlock.minecraft.dirt":12,"stat.pickup.grimpack.instruction_manual":1,"stat.pickup.harvestcraft.elderberryitem":1,"stat.pickup.minecraft.mossy_cobblestone":3,"stat.pickup.harvestcraft.pampassionfruit":4,"stat.craftItem.minecraft.iron_block":4,"stat.walkOneCm":154601,"stat.pickup.minecraft.golden_apple":110,"stat.playerKills":1,"stat.pickup.minecraft.cake":2,"stat.pickup.minecraft.stick":51,"stat.pickup.harvestcraft.onionitem":1,"stat.pickup.iceandfire.armor_green_leggings":2,"stat.pickup.terraqueous.multifood":1,"stat.pickup.chisel.chisel_diamond":1,"stat.useItem.grimpack.iron_multi_tool":51,"stat.pickup.minecraft.clay_ball":102,"stat.pickup.minecraft.stonebrick":18,"stat.useItem.minecraft.cobblestone":9,"stat.pickup.coralreef.coral":6,"stat.drop.minecraft.dirt":1,"stat.useItem.minecraft.gravel":1,"stat.mineBlock.minecraft.double_plant":2,"stat.killEntity.vampirism.vampire_hunter":18,"stat.pickup.iceandfire.manuscript":9,"stat.pickup.minecraft.string":5,"stat.mineBlock.vampirism.cursed_earth":1,"stat.useItem.scalinghealth.heartcontainer":4,"stat.pickup.wolfarmor.gold_wolf_armor":1,"stat.pickup.harvestcraft.asparagusitem":2,"stat.pickup.mowziesmobs.barako_mask":1,"stat.craftItem.minecraft.stone_slab2":0,"stat.mineBlock.harvestcraft.windygarden":1,"stat.craftItem.minecraft.gold_ingot":7,"stat.pickup.harvestcraft.mulberryitem":1,"stat.pickup.minecraft.web":3,"stat.pickup.minecraft.chicken":25,"stat.pickup.scalinghealth.heartcontainer":1,"stat.pickup.iceandfire.armor_green_boots":2,"stat.pickup.minecraft.sapling":1,"stat.sprintOneCm":132451,"stat.craftItem.iceandfire.bestiary":1,"stat.pickup.vampirism.cursed_earth":1,"stat.pickup.minecraft.gold_ingot":5,"stat.pickup.vampirism.holy_salt":17,"stat.pickup.iceandfire.dragonbone_pickaxe":1,"stat.craftItem.minecraft.stone":129,"stat.pickup.harvestcraft.cucumberitem":1,"stat.killEntity.Spider":3,"stat.drop.vampirism.vampire_fang":1,"stat.pickup.vampirism.item_coffin":3,"stat.mobKills":33,"stat.pickup.minecraft.book":6,"stat.mineBlock.minecraft.waterlily":1,"stat.pickup.mowziesmobs.barakoa_mask_bliss":1,"stat.pickup.iceandfire.dragonbone":26,"stat.pickup.minecraft.water_bucket":2,"stat.deaths":8,"stat.drop":35,"stat.pickup.minecraft.diamond":28,"stat.pickup.vampirism.human_heart":11,"stat.playOneMinute":81337,"stat.pickup.minecraft.torch":210,"stat.sneakTime":1409,"stat.pickup.minecraft.slime_ball":6,"stat.pickup.minecraft.wool":5,"stat.pickup.minecraft.rabbit":2,"stat.pickup.evilcraft.werewolf_flesh":1,"stat.drop.minecraft.chest":1,"stat.killEntity.siren":1,"stat.drop.minecraft.glass_bottle":6,"stat.pickup.minecraft.yellow_flower":1,"stat.drop.vampirism.altar_tip":4,"stat.mineBlock.minecraft.stone":58,"stat.mineBlock.minecraft.tallgrass":11,"stat.craftItem.vampirism.altar_infusion":1,"stat.diveOneCm":44393,"stat.drop.scalinghealth.heartcontainer":1,"stat.craftItem.iceandfire.lectern":1}