{"stat.useItem.minecraft.bow":2,"stat.pickup.animania.raw_chevon":6,"stat.leaveGame":5,"stat.drop.grimpack.instruction_manual":1,"stat.mineBlock.minecraft.sandstone":14,"stat.mineBlock.minecraft.web":3,"stat.pickup.minecraft.golden_boots":2,"stat.pickup.minecraft.glowstone_dust":2,"stat.pickup.minecraft.rotten_flesh":5172,"stat.pickup.minecraft.sand":1,"stat.pickup.iceandfire.bestiary":1,"stat.pickup.iceandfire.witherbone":5,"stat.pickup.harvestcraft.wintersquashitem":3,"stat.pickup.minecraft.leather_boots":134,"stat.killEntity.if_cockatrice":2,"stat.pickup.mowziesmobs.barakoa_mask_misery":5,"stat.pickup.minecraft.chainmail_chestplate":52,"stat.mineBlock.vampirism.vampirism_flower":1,"stat.mineBlock.minecraft.sand":4,"stat.drop.teletubbies.laalaaball":1,"stat.pickup.vampirism.obsidian_armor_legs":211,"stat.killEntity.Villager":5,"stat.drop.vampirism.altar_pillar":1,"stat.pickup.cqrepoured.dagger_iron":3,"stat.pickup.harvestcraft.onionitem":4,"stat.pickup.iceandfire.armor_green_leggings":6,"stat.mineBlock.chisel.marble2":1,"stat.pickup.iceandfire.dragon_skull":4,"stat.mineBlock.harvestcraft.windygarden":4,"stat.pickup.minecraft.iron_chestplate":3,"stat.pickup.minecraft.skull":20,"stat.mineBlock.minecraft.fence":2,"stat.pickup.minecraft.saddle":1,"stat.pickup.minecraft.emerald":20,"stat.deaths":29,"stat.pickup.mowziesmobs.barakoa_mask_fury":3,"stat.pickup.minecraft.egg":553,"stat.playOneMinute":169508,"stat.killEntity.cqr_skeleton":23,"stat.pickup.chisel.marble2":38,"stat.mineBlock.minecraft.tallgrass":49,"stat.chestOpened":88,"stat.drop.animania.raw_chevon":6,"stat.pickup.minecraft.arrow":809,"stat.pickup.animania.raw_horse":2,"stat.pickup.simplecorn.kernels":12,"stat.mineBlock.minecraft.gold_block":1,"stat.useItem.minecraft.experience_bottle":27,"stat.pickup.minecraft.cooked_chicken":2,"stat.fallOneCm":300871,"stat.pickup.teletubbies.laalaaball":9,"stat.pickup.minecraft.carrot":123,"stat.drop.minecraft.stone_sword":1,"stat.crouchOneCm":4872,"stat.pickup.minecraft.rail":1,"stat.pickup.minecraft.painting":6,"stat.craftingTableInteraction":3,"stat.pickup.iceandfire.silver_ore":33,"stat.mineBlock.grimpack.uranium_ore":1,"stat.mineBlock.minecraft.log2":2,"stat.pickup.minecraft.feather":246,"stat.drop.minecraft.bone":1,"stat.entityKilledBy.ed_guard":2,"stat.pickup.minecraft.iron_leggings":3,"stat.useItem.iceandfire.dragonbone_sword_fire":724,"stat.pickup.minecraft.wheat_seeds":45,"stat.mineBlock.minecraft.gravel":5,"stat.mineBlock.vampirism.altar_tip":3,"stat.pickup.iceandfire.armor_green_chestplate":6,"stat.pickup.iceandfire.armor_green_helmet":6,"stat.mineBlock.minecraft.dirt":21,"stat.useItem.minecraft.torch":1,"stat.mineBlock.iceandfire.silver_ore":1,"stat.drop.minecraft.rotten_flesh":13,"stat.pickup.cqrepoured.cursed_bone":3,"stat.useItem.minecraft.cobblestone":2,"stat.pickup.coralreef.coral":1,"stat.mineBlock.minecraft.double_plant":13,"stat.mineBlock.quark.stone_speleothem":4,"stat.drop.minecraft.stonebrick":2,"stat.pickup.minecraft.chicken":19,"stat.entityKilledBy.vampirism.advanced_vampire":1,"stat.pickup.minecraft.chainmail_leggings":52,"stat.killEntity.vampirism.advanced_vampire":1,"stat.pickup.vampirism.altar_pillar":97,"stat.pickup.minecraft.diamond_helmet":4,"stat.pickup.minecraft.stone_sword":2,"stat.pickup.animania.raw_prime_rabbit":1,"stat.pickup.iceandfire.dragonbone":96,"stat.pickup.vampirism.altar_infusion":1,"stat.pickup.vampirism.human_heart":46,"stat.pickup.iceandfire.cockatrice_scepter":8,"stat.sneakTime":1768,"stat.killEntity.siren":1,"stat.pickup.minecraft.stone_slab":72,"stat.pickup.minecraft.yellow_flower":4,"stat.pickup.minecraft.chest":2,"stat.pickup.minecraft.bone":53,"stat.pickup.minecraft.flint":759,"stat.mineBlock.minecraft.yellow_flower":1,"stat.useItem.minecraft.diamond_sword":3,"stat.swimOneCm":26845,"stat.climbOneCm":429,"stat.pickup.minecraft.enchanted_book":6,"stat.mineBlock.quark.roots":2,"stat.pickup.vampirism.blood_bottle":8,"stat.useItem.minecraft.dirt":2,"stat.useItem.minecraft.stone_slab2":12,"stat.pickup.minecraft.bow":413,"stat.pickup.minecraft.iron_boots":5,"stat.drop.evilcraft.werewolf_flesh":1,"stat.killEntity.ed_guard":1,"stat.pickup.minecraft.cobblestone":13793,"stat.pickup.minecraft.gold_block":1025,"stat.pickup.minecraft.diamond_leggings":2,"stat.flyOneCm":1284797,"stat.pickup.minecraft.glass_bottle":31,"stat.pickup.minecraft.sandstone":822,"stat.drop.minecraft.wheat_seeds":2,"stat.pickup.minecraft.redstone":628,"stat.mineBlock.minecraft.iron_ore":76,"stat.timeSinceDeath":268,"stat.pickup.vampirism.vampire_book":63,"stat.pickup.minecraft.cake":2,"stat.pickup.minecraft.chainmail_helmet":1,"stat.useItem.grimpack.iron_multi_tool":295,"stat.pickup.minecraft.stonebrick":91,"stat.drop.minecraft.dirt":1,"stat.killEntity.vampirism.vampire_hunter":39,"stat.talkedToVillager":2,"stat.pickup.vampirism.altar_tip":7,"stat.pickup.minecraft.wooden_sword":4,"stat.pickup.minecraft.string":438,"stat.killEntity.vampirism.vampire_baron":1,"stat.pickup.vampirism.holy_water_bottle":1,"stat.pickup.iceandfire.armor_green_boots":6,"stat.sprintOneCm":261818,"stat.mineBlock.minecraft.stone_slab":1,"stat.drop.harvestcraft.barleyitem":2,"stat.mineBlock.minecraft.diamond_ore":6,"stat.pickup.harvestcraft.barleyitem":2,"stat.drop.vampirism.vampire_fang":1,"stat.pickup.iceandfire.dragonbone_sword_fire":11,"stat.pickup.harvestcraft.mustardseedsitem":3,"stat.drop":46,"stat.drop.terraqueous.item_main":3,"stat.pickup.minecraft.golden_chestplate":2,"stat.killEntity.Zombie":52,"stat.pickup.grimpack.iron_multi_tool":5,"stat.mineBlock.minecraft.gold_ore":6,"stat.diveOneCm":48907,"stat.pickup.minecraft.wheat":4,"stat.pickup.minecraft.gravel":294,"stat.pickup.vampirism.pure_blood":7,"stat.mineBlock.quark.roots_black_flower":1,"stat.killEntity.cqr_necromancer":1,"stat.mineBlock.grimpack.element_115_ore":2,"stat.pickup.minecraft.diamond_sword":2,"stat.drop.minecraft.sandstone":3,"stat.jump":2495,"stat.pickup.minecraft.fence":66,"stat.pickup.minecraft.coal":43,"stat.pickup.minecraft.iron_helmet":3,"stat.pickup.minecraft.iron_ingot":31,"stat.pickup.scalinghealth.crystalshard":294,"stat.drop.harvestcraft.peanutitem":1,"stat.drop.minecraft.wooden_sword":4,"stat.pickup.harvestcraft.peanutitem":1,"stat.pickup.minecraft.spider_eye":3,"stat.pickup.minecraft.dirt":84,"stat.pickup.minecraft.experience_bottle":491,"stat.pickup.vampirism.vampire_fang":1,"stat.useItem.minecraft.cooked_chicken":2,"stat.pickup.minecraft.iron_ore":248,"stat.pickup.iceandfire.shiny_scales":30,"stat.pickup.minecraft.gold_ore":13,"stat.pickup.grimpack.element_115":4,"stat.drop.vampirism.holy_salt":3,"stat.damageTaken":21635,"stat.pickup.minecraft.prismarine_shard":12,"stat.mineBlock.grimpack.randomite":33,"stat.useItem.vampirism.altar_pillar":8,"stat.pickup.minecraft.log2":5,"stat.pickup.minecraft.prismarine_crystals":9,"stat.killEntity.CaveSpider":2,"stat.entityKilledBy.Zombie":2,"stat.pickup.minecraft.rabbit_hide":2,"stat.damageDealt":47952,"stat.pickup.harvestcraft.lettuceitem":4,"stat.pickup.harvestcraft.elderberryitem":3,"stat.walkOneCm":554114,"stat.pickup.grimpack.uranium_ore":59,"stat.playerKills":4,"stat.killEntity.quark:stoneling":2,"stat.pickup.terraqueous.item_main":3162,"stat.useItem.vampirism.altar_tip":4,"stat.useItem.scalinghealth.heartcontainer":5,"stat.pickup.quark.root_flower":39,"stat.pickup.wolfarmor.diamond_wolf_armor":2,"stat.pickup.mowziesmobs.barako_mask":1,"stat.pickup.scalinghealth.heartcontainer":37,"stat.entityKilledBy.cqr_skeleton":12,"stat.mineBlock.scalinghealth.crystalore":3,"stat.killEntity.Treasure":1,"stat.pickup.minecraft.gold_ingot":11,"stat.pickup.vampirism.holy_salt":79,"stat.pickup.harvestcraft.amaranthitem":6,"stat.killEntity.Chicken":1,"stat.pickup.harvestcraft.cucumberitem":3,"stat.mobKills":186,"stat.pickup.minecraft.quartz":142,"stat.pickup.minecraft.diamond":3881,"stat.pickup.minecraft.torch":4,"stat.pickup.evilcraft.werewolf_flesh":41,"stat.drop.minecraft.arrow":2,"stat.killEntity.quark:ashen":5,"stat.mineBlock.minecraft.stone":98,"stat.useItem.minecraft.sandstone":1}