{"stat.useItem.minecraft.bow":46,"stat.pickup.minecraft.bone":22,"stat.pickup.iceandfire.fire_dragon_flesh":14,"stat.leaveGame":7,"stat.mineBlock.minecraft.cobblestone":16,"stat.mineBlock.minecraft.yellow_flower":1,"stat.killEntity.vampirism.vampire":1,"stat.drop.grimpack.instruction_manual":1,"stat.swimOneCm":27062,"stat.climbOneCm":64,"stat.killEntity.duggledee":1,"stat.pickup.minecraft.glowstone_dust":1,"stat.pickup.minecraft.blaze_powder":110,"stat.pickup.vampirism.blood_bottle":76,"stat.useItem.minecraft.stone_slab2":1,"stat.pickup.minecraft.bow":6,"stat.pickup.teletubbies.tinkywinkybib":4,"stat.pickup.teletubbies.tinkywinkystick":1,"stat.pickup.iceandfire.witherbone":7,"stat.pickup.minecraft.name_tag":6,"stat.killEntity.ed_guard":1,"stat.pickup.grimoireofgaia.web_temp":1,"stat.pickup.minecraft.cobblestone":30,"stat.killEntity.if_cockatrice":2,"stat.pickup.minecraft.diamond_leggings":4,"stat.mineBlock.totemic.totem_torch":1,"stat.flyOneCm":1386342,"stat.pickup.minecraft.glass_bottle":8,"stat.entityKilledBy.firedragon":1,"stat.drop.teletubbies.laalaaball":2,"stat.pickup.minecraft.redstone":8,"stat.timeSinceDeath":65,"stat.pickup.vampirism.vampire_book":1,"stat.mineBlock.terraqueous.doodads":10,"stat.killEntity.grimoireofgaia.goblin":4,"stat.pickup.cqrepoured.dagger_iron":1,"stat.pickup.minecraft.cake":2,"stat.useItem.grimpack.iron_multi_tool":70,"stat.pickup.minecraft.stonebrick":10,"stat.killEntity.vampirism.vampire_hunter":49,"stat.pickup.iceandfire.dragon_skull":2,"stat.pickup.minecraft.string":6,"stat.pickup.minecraft.filled_map":4,"stat.craftItem.minecraft.ender_pearl":1,"stat.mineBlock.harvestcraft.windygarden":1,"stat.useItem.vampirism.vampire_book":1,"stat.sprintOneCm":201257,"stat.pickup.vampirism.cursed_earth":1,"stat.entityKilledBy.grimoireofgaia.orc":4,"stat.pickup.cqrepoured.unlit_torch":1,"stat.pickup.grimpack.coal_dust":1,"stat.pickup.backpack.backpack":8,"stat.pickup.iceandfire.dragonbone_sword_fire":4,"stat.deaths":13,"stat.mineBlock.minecraft.planks":1,"stat.drop":8,"stat.pickup.minecraft.egg":3,"stat.playOneMinute":114413,"stat.killEntity.cqr_skeleton":7,"stat.pickup.minecraft.slime_ball":10,"stat.drop.minecraft.glass_bottle":2,"stat.pickup.elementaldimensions.earthrune":60,"stat.pickup.grimpack.iron_multi_tool":55,"stat.mineBlock.minecraft.tallgrass":43,"stat.diveOneCm":47245,"stat.pickup.minecraft.wheat":79,"stat.chestOpened":44,"stat.killEntity.grimoireofgaia.orc":1,"stat.pickup.iceandfire.dragonscales_bronze":34,"stat.pickup.minecraft.arrow":126,"stat.pickup.iceandfire.dragonbone_arrow":3,"stat.drop.vampirism.vampire_book":1,"stat.pickup.simplecorn.kernels":6,"stat.jump":1886,"stat.killEntity.zombietinkywinky":1,"stat.useItem.minecraft.experience_bottle":58,"stat.pickup.minecraft.coal":7,"stat.pickup.minecraft.cooked_chicken":4,"stat.fallOneCm":298553,"stat.pickup.minecraft.iron_ingot":8,"stat.pickup.teletubbies.laalaaball":19,"stat.pickup.chisel.basalt2":6,"stat.crouchOneCm":2862,"stat.pickup.harvestcraft.peanutitem":1,"stat.pickup.minecraft.dirt":7,"stat.pickup.minecraft.experience_bottle":99,"stat.pickup.vampirism.vampire_fang":4,"stat.craftingTableInteraction":1,"stat.pickup.iceandfire.fire_dragon_heart":2,"stat.pickup.minecraft.gold_ore":1,"stat.pickup.minecraft.cookie":14,"stat.damageTaken":14962,"stat.pickup.minecraft.feather":7,"stat.pickup.minecraft.leather":117,"stat.mineBlock.grimpack.randomite":9,"stat.pickup.minecraft.planks":1,"stat.useItem.iceandfire.dragonbone_sword_fire":439,"stat.pickup.minecraft.wheat_seeds":18,"stat.pickup.minecraft.potato":1,"stat.pickup.harvestcraft.saltitem":1,"stat.damageDealt":33509,"stat.pickup.birdsnests.birdsnest":51,"stat.pickup.harvestcraft.lettuceitem":1,"stat.mineBlock.minecraft.dirt":4,"stat.mineBlock.cqrepoured.unlit_torch":1,"stat.entityKilledBy.if_cockatrice":1,"stat.pickup.grimoireofgaia.food_meat":12,"stat.walkOneCm":289399,"stat.useItem.minecraft.bread":2,"stat.pickup.minecraft.iron_nugget":708,"stat.pickup.cqrepoured.cursed_bone":1,"stat.killEntity.grimoireofgaia.arachne":1,"stat.mineBlock.minecraft.double_plant":3,"stat.pickup.iceandfire.armor_gray_chestplate":4,"stat.pickup.terraqueous.item_main":10,"stat.killEntity.quark:foxhound":17,"stat.pickup.minecraft.log":1,"stat.mineBlock.vampirism.cursed_earth":4,"stat.useItem.scalinghealth.heartcontainer":6,"stat.pickup.quark.root_flower":6,"stat.pickup.wolfarmor.diamond_wolf_armor":1,"stat.drop.minecraft.sapling":1,"stat.pickup.minecraft.chicken":3,"stat.pickup.scalinghealth.heartcontainer":10,"stat.entityKilledBy.cqr_skeleton":2,"stat.pickup.minecraft.ender_pearl":3,"stat.pickup.minecraft.sapling":74,"stat.killEntity.Treasure":2,"stat.pickup.iceandfire.armor_gray_boots":4,"stat.pickup.vampirism.holy_salt":63,"stat.pickup.minecraft.beetroot":3,"stat.mineBlock.minecraft.stonebrick":10,"stat.pickup.minecraft.diamond_helmet":4,"stat.pickup.minecraft.bread":54,"stat.mobKills":122,"stat.useItem.minecraft.stonebrick":2,"stat.mineBlock.minecraft.log":1,"stat.pickup.minecraft.quartz":1,"stat.pickup.evilcraft.dull_dust":1,"stat.pickup.mowziesmobs.barakoa_mask_bliss":1,"stat.pickup.iceandfire.dragonbone":24,"stat.pickup.minecraft.diamond":4,"stat.pickup.vampirism.human_heart":63,"stat.mineBlock.minecraft.leaves":1,"stat.pickup.iceandfire.cockatrice_scepter":6,"stat.sneakTime":3190,"stat.pickup.minecraft.yellow_flower":5,"stat.mineBlock.minecraft.stone":4,"stat.drop.scalinghealth.heartcontainer":1}