{"stat.useItem.minecraft.bow":95,"stat.pickup.minecraft.bone":135,"stat.pickup.iceandfire.fire_dragon_flesh":49,"stat.leaveGame":11,"stat.mineBlock.minecraft.cobblestone":16,"stat.mineBlock.minecraft.yellow_flower":3,"stat.pickup.minecraft.leather_chestplate":4,"stat.killEntity.vampirism.vampire":1,"stat.drop.grimpack.instruction_manual":1,"stat.swimOneCm":33693,"stat.climbOneCm":64,"stat.pickup.harvestcraft.artichokeitem":1,"stat.killEntity.duggledee":1,"stat.pickup.minecraft.glowstone_dust":1,"stat.pickup.minecraft.blaze_powder":220,"stat.pickup.vampirism.blood_bottle":99,"stat.useItem.minecraft.stone_slab2":3,"stat.pickup.minecraft.bow":11,"stat.pickup.teletubbies.tinkywinkybib":5,"stat.pickup.minecraft.sand":3,"stat.pickup.teletubbies.tinkywinkystick":1,"stat.drop.evilcraft.werewolf_flesh":1,"stat.pickup.iceandfire.witherbone":11,"stat.pickup.minecraft.name_tag":11,"stat.killEntity.ed_guard":2,"stat.pickup.minecraft.cobblestone":54,"stat.pickup.minecraft.leather_boots":2,"stat.killEntity.if_cockatrice":4,"stat.pickup.minecraft.diamond_leggings":4,"stat.mineBlock.totemic.totem_torch":1,"stat.flyOneCm":1955435,"stat.pickup.minecraft.glass_bottle":10,"stat.entityKilledBy.firedragon":1,"stat.mineBlock.minecraft.sand":5,"stat.drop.teletubbies.laalaaball":2,"stat.pickup.minecraft.redstone":10,"stat.timeSinceDeath":9686,"stat.pickup.cqrepoured.staff_healing":4,"stat.pickup.vampirism.vampire_book":1,"stat.mineBlock.terraqueous.doodads":10,"stat.pickup.minecraft.armor_stand":2,"stat.pickup.cqrepoured.dagger_iron":1,"stat.pickup.minecraft.cake":2,"stat.pickup.harvestcraft.onionitem":1,"stat.pickup.iceandfire.armor_green_leggings":6,"stat.useItem.grimpack.iron_multi_tool":96,"stat.pickup.minecraft.stonebrick":10,"stat.furnaceInteraction":1,"stat.killEntity.vampirism.vampire_hunter":58,"stat.pickup.iceandfire.dragon_skull":22,"stat.pickup.minecraft.shield":2,"stat.pickup.minecraft.wooden_sword":1,"stat.pickup.minecraft.string":6,"stat.pickup.minecraft.filled_map":4,"stat.pickup.cqrepoured.staff_fire":1,"stat.craftItem.minecraft.ender_pearl":1,"stat.pickup.harvestcraft.brusselsproutitem":1,"stat.mineBlock.harvestcraft.windygarden":2,"stat.useItem.vampirism.vampire_book":1,"stat.pickup.iceandfire.armor_green_boots":5,"stat.sprintOneCm":436193,"stat.pickup.vampirism.cursed_earth":1,"stat.pickup.iceandfire.dragonsteel_fire_sword":1,"stat.pickup.cqrepoured.unlit_torch":1,"stat.pickup.mowziesmobs.barakoa_mask_rage":4,"stat.useItem.iceandfire.chared_dirt":4,"stat.pickup.grimpack.coal_dust":1,"stat.pickup.backpack.backpack":13,"stat.pickup.iceandfire.dragonbone_sword_fire":9,"stat.pickup.minecraft.leather_leggings":1,"stat.pickup.cqrepoured.staff_poison":2,"stat.deaths":25,"stat.mineBlock.minecraft.planks":1,"stat.drop":18,"stat.pickup.minecraft.egg":3,"stat.playOneMinute":180159,"stat.killEntity.cqr_skeleton":43,"stat.pickup.minecraft.slime_ball":11,"stat.drop.minecraft.glass_bottle":2,"stat.pickup.elementaldimensions.earthrune":61,"stat.pickup.iceandfire.chared_dirt":5,"stat.pickup.grimpack.iron_multi_tool":55,"stat.mineBlock.minecraft.tallgrass":70,"stat.diveOneCm":123671,"stat.pickup.minecraft.wheat":80,"stat.chestOpened":79,"stat.pickup.iceandfire.dragonscales_bronze":51,"stat.pickup.minecraft.arrow":222,"stat.pickup.iceandfire.dragonbone_arrow":15,"stat.pickup.vampirism.pure_blood":1,"stat.drop.vampirism.vampire_book":1,"stat.pickup.simplecorn.kernels":12,"stat.jump":3027,"stat.killEntity.zombietinkywinky":1,"stat.useItem.minecraft.experience_bottle":63,"stat.pickup.minecraft.coal":7,"stat.pickup.minecraft.cooked_chicken":6,"stat.fallOneCm":417618,"stat.pickup.minecraft.iron_ingot":8,"stat.pickup.teletubbies.laalaaball":24,"stat.pickup.chisel.basalt2":6,"stat.pickup.harvestcraft.milletitem":1,"stat.crouchOneCm":3431,"stat.pickup.iceandfire.chared_stone":47,"stat.pickup.harvestcraft.peanutitem":1,"stat.pickup.minecraft.dirt":9,"stat.pickup.minecraft.experience_bottle":323,"stat.pickup.vampirism.vampire_fang":5,"stat.craftingTableInteraction":1,"stat.pickup.iceandfire.fire_dragon_heart":6,"stat.pickup.minecraft.gold_ore":1,"stat.pickup.minecraft.cookie":14,"stat.damageTaken":27467,"stat.pickup.minecraft.feather":14,"stat.pickup.minecraft.leather":232,"stat.drop.minecraft.bone":3,"stat.useItem.iceandfire.dragonsteel_fire_sword":4,"stat.mineBlock.grimpack.randomite":9,"stat.pickup.iceandfire.dragonscales_red":86,"stat.pickup.minecraft.planks":1,"stat.useItem.iceandfire.dragonbone_sword_fire":716,"stat.pickup.minecraft.wheat_seeds":24,"stat.pickup.minecraft.potato":1,"stat.pickup.harvestcraft.saltitem":1,"stat.pickup.iceandfire.armor_green_chestplate":65,"stat.damageDealt":53909,"stat.pickup.iceandfire.chared_grass":2,"stat.pickup.birdsnests.birdsnest":53,"stat.pickup.iceandfire.armor_green_helmet":98,"stat.pickup.harvestcraft.lettuceitem":2,"stat.mineBlock.minecraft.dirt":4,"stat.mineBlock.cqrepoured.unlit_torch":1,"stat.entityKilledBy.if_cockatrice":1,"stat.drop.minecraft.stick":4,"stat.walkOneCm":508904,"stat.useItem.minecraft.bread":2,"stat.playerKills":3,"stat.pickup.minecraft.stick":4,"stat.pickup.minecraft.iron_nugget":720,"stat.pickup.cqrepoured.cursed_bone":1,"stat.mineBlock.minecraft.double_plant":8,"stat.pickup.iceandfire.armor_gray_chestplate":4,"stat.pickup.terraqueous.item_main":14,"stat.killEntity.quark:foxhound":17,"stat.pickup.minecraft.log":1,"stat.mineBlock.vampirism.cursed_earth":4,"stat.useItem.scalinghealth.heartcontainer":8,"stat.pickup.quark.root_flower":9,"stat.pickup.wolfarmor.diamond_wolf_armor":1,"stat.drop.minecraft.sapling":1,"stat.pickup.minecraft.chicken":3,"stat.pickup.scalinghealth.heartcontainer":12,"stat.entityKilledBy.cqr_skeleton":10,"stat.pickup.minecraft.ender_pearl":7,"stat.pickup.minecraft.sapling":75,"stat.killEntity.Treasure":2,"stat.pickup.iceandfire.armor_gray_boots":4,"stat.pickup.vampirism.holy_salt":78,"stat.pickup.minecraft.beetroot":4,"stat.mineBlock.minecraft.stonebrick":10,"stat.pickup.minecraft.diamond_helmet":4,"stat.pickup.iceandfire.dragonscales_green":34,"stat.pickup.minecraft.bread":86,"stat.pickup.minecraft.stone_sword":2,"stat.mobKills":194,"stat.useItem.minecraft.stonebrick":2,"stat.mineBlock.minecraft.log":1,"stat.pickup.minecraft.quartz":1,"stat.pickup.minecraft.golden_sword":4,"stat.pickup.evilcraft.dull_dust":1,"stat.pickup.mowziesmobs.barakoa_mask_bliss":1,"stat.pickup.iceandfire.dragonbone":78,"stat.pickup.minecraft.diamond":6,"stat.pickup.vampirism.human_heart":119,"stat.mineBlock.minecraft.leaves":1,"stat.pickup.iceandfire.cockatrice_scepter":11,"stat.pickup.minecraft.torch":4,"stat.sneakTime":3372,"stat.pickup.evilcraft.werewolf_flesh":3,"stat.killEntity.firedragon":2,"stat.drop.minecraft.arrow":2,"stat.drop.minecraft.yellow_flower":2,"stat.pickup.minecraft.yellow_flower":9,"stat.mineBlock.minecraft.stone":8,"stat.drop.scalinghealth.heartcontainer":1}