{"stat.pickup.iceandfire.fire_dragon_flesh":12,"stat.pickup.terraqueous.flowers_single":1,"stat.leaveGame":23,"stat.pickup.terraqueous.clouds":1,"stat.killEntity.vampirism.vampire":2,"stat.drop.iceandfire.dragonsteel_ice_sword":2,"stat.mineBlock.minecraft.sandstone":7,"stat.useItem.minecraft.planks":18,"stat.pickup.minecraft.blaze_powder":27,"stat.craftItem.grimpack.black_diamond":4,"stat.pickup.harvestcraft.seaweeditem":1,"stat.pickup.teletubbies.tinkywinkybib":11,"stat.useItem.minecraft.water_bucket":17,"stat.pickup.minecraft.rotten_flesh":1,"stat.pickup.minecraft.sand":15,"stat.pickup.iceandfire.jar_empty":1,"stat.mineBlock.grimpack.black_diamond_ore":4,"stat.pickup.iceandfire.witherbone":7,"stat.pickup.minecraft.name_tag":2,"stat.killEntity.if_cockatrice":2,"stat.pickup.minecraft.chainmail_chestplate":1,"stat.entityKilledBy.firedragon":1,"stat.pickup.iceandfire.ash":1,"stat.pickup.minecraft.stained_hardened_clay":1,"stat.mineBlock.terraqueous.doodads":21,"stat.pickup.iceandfire.armor_green_leggings":5,"stat.mineBlock.minecraft.vine":1,"stat.mineBlock.chisel.marble2":48,"stat.pickup.iceandfire.dragon_skull":3,"stat.drop.iceandfire.dragonbone":3,"stat.pickup.quark.crystal":461,"stat.pickup.iceandfire.manuscript":6,"stat.pickup.minecraft.beef":2,"stat.mineBlock.minecraft.stained_hardened_clay":1,"stat.useItem.minecraft.flint_and_steel":25,"stat.pickup.backpack.backpack":1,"stat.pickup.minecraft.emerald":82,"stat.pickup.minecraft.saddle":4,"stat.mineBlock.quark.crystal":5,"stat.deaths":33,"stat.pickup.minecraft.egg":33,"stat.playOneMinute":270391,"stat.mineBlock.minecraft.stone_pressure_plate":1,"stat.killEntity.cqr_skeleton":5,"stat.pickup.grimpack.black_diamond_ore":137,"stat.drop.minecraft.torch":1,"stat.pickup.chisel.marble2":134,"stat.mineBlock.minecraft.tallgrass":24,"stat.pickup.minecraft.netherrack":9,"stat.chestOpened":220,"stat.mineBlock.minecraft.netherrack":11,"stat.pickup.minecraft.arrow":32,"stat.pickup.minecraft.gold_nugget":15,"stat.pickup.harvestcraft.chilipepperitem":1,"stat.pickup.simplecorn.kernels":14,"stat.pickup.iceandfire.silver_nugget":1,"stat.useItem.minecraft.experience_bottle":1,"stat.pickup.minecraft.cooked_chicken":8,"stat.fallOneCm":500577,"stat.pickup.chisel.basalt2":285,"stat.drop.minecraft.dye":1,"stat.crouchOneCm":16608,"stat.craftItem.minecraft.iron_ingot":211,"stat.craftingTableInteraction":10,"stat.pickup.iceandfire.silver_ore":29,"stat.mineBlock.minecraft.log2":20,"stat.pickup.iceandfire.dragonscales_red":74,"stat.killEntity.cqr_illager":1,"stat.pickup.minecraft.dye":1670,"stat.pickup.minecraft.planks":61,"stat.useItem.iceandfire.dragonbone_sword_fire":195,"stat.pickup.chisel.limestone2":272,"stat.pickup.minecraft.wheat_seeds":17,"stat.useItem.iceandfire.jar_empty":1,"stat.mineBlock.minecraft.gravel":21,"stat.useItem.iceandfire.dragonsteel_ice_sword":9,"stat.pickup.iceandfire.armor_green_chestplate":3,"stat.useItem.iceandfire.dragonbone_bow":144,"stat.craftItem.iceandfire.armor_gray_boots":1,"stat.pickup.iceandfire.armor_green_helmet":4,"stat.mineBlock.minecraft.dirt":38,"stat.pickup.minecraft.flint_and_steel":4,"stat.pickup.minecraft.iron_nugget":23,"stat.mineBlock.iceandfire.silver_ore":23,"stat.pickup.terraqueous.multifood":2,"stat.drop.minecraft.rotten_flesh":1,"stat.useItem.minecraft.cobblestone":182,"stat.craftItem.minecraft.crafting_table":2,"stat.mineBlock.minecraft.double_plant":1,"stat.mineBlock.quark.stone_speleothem":2,"stat.mineBlock.minecraft.emerald_ore":2,"stat.killEntity.quark:foxhound":11,"stat.pickup.minecraft.log":2,"stat.craftItem.minecraft.gold_ingot":41,"stat.pickup.minecraft.web":13,"stat.drop.minecraft.sapling":5,"stat.pickup.minecraft.sapling":7,"stat.pickup.iceandfire.dragonscales_gray":24,"stat.pickup.minecraft.apple":7,"stat.pickup.minecraft.beetroot":1,"stat.pickup.grimpack.oily_chunk":142,"stat.craftItem.minecraft.bucket":2,"stat.craftItem.minecraft.planks":84,"stat.itemEnchanted":19,"stat.drop.iceandfire.dragonscales_red":10,"stat.pickup.iceandfire.dragonscales_green":43,"stat.pickup.quark.root":341,"stat.pickup.minecraft.book":2,"stat.mineBlock.minecraft.log":2,"stat.pickup.iceandfire.dragonbone":191,"stat.pickup.vampirism.human_heart":3,"stat.killEntity.zombiedipsy":1,"stat.pickup.minecraft.red_flower":7,"stat.sneakTime":6764,"stat.pickup.minecraft.yellow_flower":53,"stat.pickup.minecraft.bone":152,"stat.pickup.minecraft.stone_pressure_plate":1,"stat.drop.vampirism.pure_blood":1,"stat.mineBlock.minecraft.cobblestone":14,"stat.pickup.minecraft.flint":48,"stat.drop.harvestcraft.seaweeditem":1,"stat.swimOneCm":41767,"stat.climbOneCm":3018,"stat.mineBlock.evilcraft.dark_ore":1,"stat.mineBlock.quark.roots":6,"stat.pickup.vampirism.blood_bottle":1,"stat.useItem.minecraft.obsidian":13,"stat.useItem.minecraft.stone_slab2":21,"stat.craftItem.terraqueous.item_main":1,"stat.drop.terraqueous.clouds":1,"stat.drop.evilcraft.werewolf_flesh":4,"stat.mineBlock.minecraft.obsidian":40,"stat.killEntity.ed_guard":1,"stat.pickup.minecraft.cobblestone":1677,"stat.drop.birdsnests.birdsnest":3,"stat.mineBlock.chisel.limestone2":17,"stat.pickup.vampirism.item_tent":1,"stat.flyOneCm":4297010,"stat.pickup.minecraft.glass_bottle":41,"stat.pickup.minecraft.sandstone":6,"stat.drop.minecraft.wheat_seeds":4,"stat.pickup.minecraft.cactus":1,"stat.pickup.minecraft.redstone":466,"stat.mineBlock.minecraft.iron_ore":254,"stat.entityKilledBy.vampirism.vampire_baron":1,"stat.timeSinceDeath":540,"stat.pickup.vampirism.vampire_book":1,"stat.pickup.minecraft.cake":206,"stat.useItem.grimpack.iron_multi_tool":585,"stat.killEntity.vampirism.vampire_hunter":7,"stat.mineBlock.minecraft.coal_ore":24,"stat.pickup.minecraft.string":52,"stat.craftItem.minecraft.stone_slab2":0,"stat.drop.minecraft.anvil":1,"stat.pickup.iceandfire.armor_green_boots":3,"stat.sprintOneCm":587990,"stat.mineBlock.minecraft.diamond_ore":1,"stat.waystones:waystonesActivated":2,"stat.pickup.grimpack.coal_dust":1,"stat.drop.iceandfire.fire_dragon_flesh":4,"stat.craftItem.iceandfire.armor_gray_chestplate":1,"stat.drop.harvestcraft.spiceleafitem":1,"stat.mineBlock.minecraft.planks":1,"stat.drop":30,"stat.pickup.minecraft.slime_ball":47,"stat.pickup.iceandfire.jar_pixie":4,"stat.craftItem.minecraft.emerald":1,"stat.craftItem.backpack.backpack":5,"stat.pickup.iceandfire.chared_dirt":6,"stat.pickup.elementaldimensions.earthrune":1,"stat.mineBlock.minecraft.gold_ore":75,"stat.diveOneCm":37682,"stat.pickup.minecraft.wheat":61,"stat.pickup.iceandfire.dragonbone_bow":1,"stat.pickup.minecraft.gravel":16,"stat.pickup.iceandfire.dragonbone_arrow":894,"stat.mineBlock.terraqueous.clouds":1,"stat.pickup.vampirism.pure_blood":1,"stat.pickup.minecraft.obsidian":117,"stat.mineBlock.iceandfire.jar_empty":1,"stat.mineBlock.grimpack.element_115_ore":1,"stat.drop.harvestcraft.milletitem":1,"stat.jump":2837,"stat.pickup.minecraft.coal":75,"stat.pickup.minecraft.iron_ingot":42,"stat.pickup.scalinghealth.crystalshard":19,"stat.pickup.iceandfire.chared_gravel":2,"stat.pickup.harvestcraft.milletitem":1,"stat.pickup.minecraft.spider_eye":120,"stat.pickup.minecraft.dirt":521,"stat.pickup.minecraft.experience_bottle":120,"stat.pickup.minecraft.iron_ore":1188,"stat.pickup.iceandfire.fire_dragon_heart":2,"stat.pickup.iceandfire.shiny_scales":9,"stat.pickup.minecraft.gold_ore":84,"stat.mineBlock.minecraft.lapis_ore":12,"stat.pickup.grimpack.element_115":4,"stat.pickup.minecraft.cookie":40,"stat.mineBlock.minecraft.glass_pane":1,"stat.mineBlock.minecraft.leaves2":6,"stat.damageTaken":21152,"stat.pickup.minecraft.leather":35,"stat.mineBlock.grimpack.randomite":34,"stat.pickup.evilcraft.dark_gem":1,"stat.noteblockTuned":1,"stat.pickup.teletubbies.dipsystick":1,"stat.pickup.minecraft.log2":25,"stat.useItem.iceandfire.dragonbone_pickaxe":700,"stat.pickup.minecraft.prismarine_crystals":8,"stat.killEntity.CaveSpider":1,"stat.pickup.harvestcraft.saltitem":3,"stat.pickup.minecraft.rabbit_hide":2,"stat.damageDealt":21798,"stat.pickup.iceandfire.chared_grass":1,"stat.pickup.birdsnests.birdsnest":6,"stat.mineBlock.iceandfire.chared_dirt":1,"stat.walkOneCm":439860,"stat.pickup.grimpack.uranium_ore":9,"stat.drop.minecraft.wheat":1,"stat.mineBlock.grimpack.oil_ore":1,"stat.mineBlock.chisel.basalt2":7,"stat.pickup.terraqueous.item_main":295,"stat.useItem.scalinghealth.heartcontainer":7,"stat.pickup.quark.root_flower":105,"stat.pickup.mowziesmobs.barako_mask":35,"stat.pickup.harvestcraft.spiceleafitem":1,"stat.pickup.minecraft.stone":4,"stat.mineBlock.scalinghealth.crystalore":19,"stat.pickup.minecraft.ender_pearl":9,"stat.killEntity.Treasure":9,"stat.pickup.minecraft.gold_ingot":8,"stat.entityKilledBy.quark:foxhound":1,"stat.pickup.vampirism.holy_salt":1,"stat.pickup.harvestcraft.queenbeeitem":2,"stat.killEntity.Spider":5,"stat.pickup.minecraft.bread":9,"stat.mineBlock.minecraft.quartz_ore":5,"stat.mobKills":70,"stat.pickup.minecraft.quartz":135,"stat.pickup.evilcraft.dull_dust":2,"stat.pickup.minecraft.water_bucket":2,"stat.pickup.minecraft.diamond":199,"stat.pickup.minecraft.beetroot_seeds":4,"stat.mineBlock.evilcraft.bloody_cobblestone":1,"stat.pickup.minecraft.torch":1,"stat.pickup.minecraft.lava_bucket":3,"stat.pickup.evilcraft.werewolf_flesh":15,"stat.killEntity.firedragon":6,"stat.killEntity.quark:ashen":2,"stat.mineBlock.minecraft.stone":541}